Fold,Train Loss
1,[3.1814209620157876]
2,[3.441968250274658]
