Fold,Train Loss
1,[11.085729905612718]
2,[10.170691409640842]
